query_id,dataset,seed,mode,dense_ndcg,hybrid_ndcg,psafe_ndcg,delta_psafe_dense,selected_action
test-culture-ahrtsdlgra-pro02a,arguana,42,high_recall,0.5,0.5,0.5,0.0,Dense
test-culture-ahrtsdlgra-pro03a,arguana,42,high_recall,0.5,0.3562071871080222,0.5,0.0,Dense
test-culture-ascidfakhba-con02a,arguana,42,high_recall,0.38685280723454163,0.3562071871080222,0.38685280723454163,0.0,Dense
test-culture-ascidfakhba-con03a,arguana,42,high_recall,0.0,0.5,0.5,0.5,Deep Hybrid
test-culture-ascidfakhba-con04a,arguana,42,high_recall,0.0,0.0,0.0,0.0,Deep Hybrid
test-culture-ascidfakhba-pro01a,arguana,42,high_recall,0.5,0.6309297535714575,0.5,0.0,Dense
test-culture-cgeeghwmeo-con01a,arguana,42,high_recall,0.6309297535714575,0.0,0.0,-0.6309297535714575,Deep Hybrid
test-culture-cgeeghwmeo-con02a,arguana,42,high_recall,0.5,0.3010299956639812,0.5,0.0,Dense
test-culture-cgeeghwmeo-con04a,arguana,42,high_recall,0.38685280723454163,0.3333333333333333,0.3333333333333333,-0.053519473901208314,Deep Hybrid
test-culture-cgeeghwmeo-pro03a,arguana,42,high_recall,0.0,0.0,0.0,0.0,Dense
test-culture-mmciahbans-con04a,arguana,42,high_recall,0.0,0.6309297535714575,0.0,0.0,Dense
test-culture-mmciahbans-pro03a,arguana,42,high_recall,0.6309297535714575,0.6309297535714575,0.6309297535714575,0.0,Dense
test-culture-mmctghwbsa-con01a,arguana,42,high_recall,0.6309297535714575,0.6309297535714575,0.6309297535714575,0.0,Dense
test-culture-mmctghwbsa-con03a,arguana,42,high_recall,0.6309297535714575,0.38685280723454163,0.6309297535714575,0.0,Dense
test-culture-mmctghwbsa-con04a,arguana,42,high_recall,0.6309297535714575,1.0,0.6309297535714575,0.0,Dense
test-culture-mmctghwbsa-pro03a,arguana,42,high_recall,0.6309297535714575,0.6309297535714575,0.6309297535714575,0.0,Dense
test-culture-mmctghwbsa-pro04a,arguana,42,high_recall,0.5,0.5,0.5,0.0,Deep Hybrid
test-culture-mmctyshwbcp-con01a,arguana,42,high_recall,0.6309297535714575,0.6309297535714575,0.6309297535714575,0.0,Dense
test-culture-mmctyshwbcp-con02a,arguana,42,high_recall,0.6309297535714575,0.6309297535714575,0.6309297535714575,0.0,Dense
test-culture-mmctyshwbcp-pro01a,arguana,42,high_recall,0.3333333333333333,0.38685280723454163,0.3333333333333333,0.0,Dense
test-culture-mmctyshwbcp-pro02a,arguana,42,high_recall,0.6309297535714575,0.6309297535714575,0.6309297535714575,0.0,Deep Hybrid
test-culture-mmctyshwbcp-pro03a,arguana,42,high_recall,0.6309297535714575,0.6309297535714575,0.6309297535714575,0.0,Dense
test-culture-mmctyshwbcp-pro04a,arguana,42,high_recall,0.6309297535714575,0.5,0.6309297535714575,0.0,Dense
test-culture-mmctyshwbcp-pro05a,arguana,42,high_recall,0.6309297535714575,0.6309297535714575,0.6309297535714575,0.0,Dense
test-culture-mmctyshwbcp-pro06a,arguana,42,high_recall,0.6309297535714575,0.6309297535714575,0.6309297535714575,0.0,Dense
test-culture-mthbah-con01a,arguana,42,high_recall,0.6309297535714575,0.38685280723454163,0.6309297535714575,0.0,Dense
test-culture-mthbah-con04a,arguana,42,high_recall,0.6309297535714575,0.38685280723454163,0.6309297535714575,0.0,Dense
test-culture-mthbah-pro01a,arguana,42,high_recall,0.6309297535714575,0.6309297535714575,0.6309297535714575,0.0,Dense
test-culture-mthbah-pro02a,arguana,42,high_recall,0.6309297535714575,1.0,0.6309297535714575,0.0,Dense
test-culture-mthbah-pro03a,arguana,42,high_recall,0.6309297535714575,1.0,0.6309297535714575,0.0,Dense
test-culture-thbcsbptwhht-con03a,arguana,42,high_recall,0.3010299956639812,1.0,0.3010299956639812,0.0,Dense
test-culture-thbcsbptwhht-pro01a,arguana,42,high_recall,0.5,0.6309297535714575,0.5,0.0,Dense
test-culture-thbcsbptwhht-pro02a,arguana,42,high_recall,0.5,1.0,0.5,0.0,Dense
test-culture-thbcsbptwhht-pro03a,arguana,42,high_recall,0.38685280723454163,0.6309297535714575,0.38685280723454163,0.0,Dense
test-culture-thbcsbptwhht-pro04a,arguana,42,high_recall,0.2890648263178879,0.0,0.2890648263178879,0.0,Dense
test-culture-tlhrilsfhwr-con03a,arguana,42,high_recall,0.0,0.0,0.0,0.0,Dense
test-culture-tlhrilsfhwr-pro04a,arguana,42,high_recall,0.43067655807339306,0.0,0.43067655807339306,0.0,Dense
test-digital-freedoms-aihbiahr-con01a,arguana,42,high_recall,0.6309297535714575,0.6309297535714575,0.6309297535714575,0.0,Deep Hybrid
test-digital-freedoms-aihbiahr-pro01a,arguana,42,high_recall,0.0,0.31546487678572877,0.31546487678572877,0.31546487678572877,Deep Hybrid
test-digital-freedoms-aihbiahr-pro03a,arguana,42,high_recall,0.43067655807339306,0.6309297535714575,0.43067655807339306,0.0,Dense
test-digital-freedoms-aihwbasmn-con05a,arguana,42,high_recall,0.0,0.43067655807339306,0.0,0.0,Dense
test-digital-freedoms-aihwbasmn-pro02a,arguana,42,high_recall,0.0,0.0,0.0,0.0,Dense
test-digital-freedoms-dfiphbgs-con01a,arguana,42,high_recall,0.5,0.38685280723454163,0.38685280723454163,-0.11314719276545837,Deep Hybrid
test-digital-freedoms-dfiphbgs-con02a,arguana,42,high_recall,0.6309297535714575,0.0,0.6309297535714575,0.0,Dense
test-digital-freedoms-dfiphbgs-pro01a,arguana,42,high_recall,0.3333333333333333,0.0,0.3333333333333333,0.0,Dense
test-digital-freedoms-dfiphbgs-pro02a,arguana,42,high_recall,0.6309297535714575,0.5,0.6309297535714575,0.0,Dense
test-digital-freedoms-efsappgdfp-con02a,arguana,42,high_recall,0.0,0.0,0.0,0.0,Dense
test-digital-freedoms-efsappgdfp-con03a,arguana,42,high_recall,0.5,0.43067655807339306,0.5,0.0,Dense
test-digital-freedoms-efsappgdfp-pro01a,arguana,42,high_recall,0.6309297535714575,0.6309297535714575,0.6309297535714575,0.0,Dense
test-digital-freedoms-efsappgdfp-pro02a,arguana,42,high_recall,0.0,0.6309297535714575,0.0,0.0,Dense
test-digital-freedoms-efsappgdfp-pro03a,arguana,42,high_recall,0.5,0.3010299956639812,0.5,0.0,Dense
test-digital-freedoms-efsappgdfp-pro04a,arguana,42,high_recall,0.5,1.0,0.5,0.0,Dense
test-digital-freedoms-eifdfaihs-pro01a,arguana,42,high_recall,0.2890648263178879,1.0,0.2890648263178879,0.0,Dense
test-digital-freedoms-eifdfaihs-pro03a,arguana,42,high_recall,0.6309297535714575,0.0,0.6309297535714575,0.0,Dense
test-digital-freedoms-eifpgdff-con01a,arguana,42,high_recall,0.6309297535714575,0.0,0.6309297535714575,0.0,Dense
test-digital-freedoms-eifpgdff-con02a,arguana,42,high_recall,0.6309297535714575,0.31546487678572877,0.6309297535714575,0.0,Dense
test-digital-freedoms-eifpgdff-pro01a,arguana,42,high_recall,0.0,0.0,0.0,0.0,Dense
test-digital-freedoms-eifpgdff-pro02a,arguana,42,high_recall,0.0,0.0,0.0,0.0,Dense
test-digital-freedoms-eifpgdff-pro03a,arguana,42,high_recall,0.6309297535714575,0.5,0.6309297535714575,0.0,Dense
test-digital-freedoms-phwnaccpdt-con01a,arguana,42,high_recall,0.0,0.3333333333333333,0.0,0.0,Dense
test-digital-freedoms-phwnaccpdt-con03a,arguana,42,high_recall,0.0,0.2890648263178879,0.0,0.0,Dense
test-digital-freedoms-phwnaccpdt-pro01a,arguana,42,high_recall,0.2890648263178879,0.0,0.2890648263178879,0.0,Dense
test-digital-freedoms-phwnaccpdt-pro02a,arguana,42,high_recall,0.5,0.0,0.5,0.0,Dense
test-digital-freedoms-piidfaihbg-con03a,arguana,42,high_recall,0.0,0.0,0.0,0.0,Dense
test-digital-freedoms-piidfaihbg-pro01a,arguana,42,high_recall,0.6309297535714575,0.6309297535714575,0.6309297535714575,0.0,Deep Hybrid
test-digital-freedoms-piidfaihbg-pro03a,arguana,42,high_recall,0.3010299956639812,0.3562071871080222,0.3562071871080222,0.055177191444040985,Deep Hybrid
test-digital-freedoms-piidfiphwu-con02a,arguana,42,high_recall,0.6309297535714575,0.43067655807339306,0.6309297535714575,0.0,Dense
test-digital-freedoms-piidfiphwu-pro01a,arguana,42,high_recall,0.6309297535714575,0.3562071871080222,0.6309297535714575,0.0,Dense
test-digital-freedoms-piidfiphwu-pro02a,arguana,42,high_recall,0.3562071871080222,0.3010299956639812,0.3562071871080222,0.0,Dense
test-digital-freedoms-piidfiphwu-pro03a,arguana,42,high_recall,0.3333333333333333,0.31546487678572877,0.3333333333333333,0.0,Dense
test-economy-beghwbh-pro02a,arguana,42,high_recall,0.43067655807339306,0.3562071871080222,0.3562071871080222,-0.07446937096537087,Deep Hybrid
test-economy-beghwbh-pro03a,arguana,42,high_recall,0.38685280723454163,0.43067655807339306,0.43067655807339306,0.04382375083885143,Deep Hybrid
test-economy-bepahbtsnrt-con02a,arguana,42,high_recall,0.3010299956639812,0.43067655807339306,0.3010299956639812,0.0,Dense
test-economy-bepahbtsnrt-pro02a,arguana,42,high_recall,0.0,0.3562071871080222,0.3562071871080222,0.3562071871080222,Deep Hybrid
test-economy-bepahbtsnrt-pro04a,arguana,42,high_recall,0.6309297535714575,0.6309297535714575,0.6309297535714575,0.0,Dense
test-economy-bepiehbesa-con01a,arguana,42,high_recall,0.5,0.0,0.5,0.0,Dense
test-economy-bepiehbesa-con02a,arguana,42,high_recall,0.5,0.5,0.5,0.0,Dense
test-economy-bepiehbesa-pro01a,arguana,42,high_recall,0.6309297535714575,0.43067655807339306,0.43067655807339306,-0.20025319549806447,Deep Hybrid
test-economy-bepiehbesa-pro03a,arguana,42,high_recall,0.38685280723454163,0.0,0.38685280723454163,0.0,Dense
test-economy-bepiehbesa-pro04a,arguana,42,high_recall,0.0,0.31546487678572877,0.0,0.0,Dense
test-economy-bepighbdb-con02a,arguana,42,high_recall,0.5,0.31546487678572877,0.5,0.0,Dense
test-economy-bepighbdb-pro02a,arguana,42,high_recall,0.6309297535714575,0.6309297535714575,0.6309297535714575,0.0,Dense
test-economy-beplcpdffe-con01a,arguana,42,high_recall,0.5,0.6309297535714575,0.6309297535714575,0.13092975357145753,Deep Hybrid
test-economy-beplcpdffe-con02a,arguana,42,high_recall,0.6309297535714575,0.5,0.6309297535714575,0.0,Dense
test-economy-beplcpdffe-con04a,arguana,42,high_recall,0.5,0.6309297535714575,0.5,0.0,Dense
test-economy-beplcpdffe-pro02a,arguana,42,high_recall,0.38685280723454163,0.43067655807339306,0.38685280723454163,0.0,Dense
test-economy-beplcpdffe-pro03a,arguana,42,high_recall,0.5,0.6309297535714575,0.6309297535714575,0.13092975357145753,Deep Hybrid
test-economy-bhahwbsps-con03a,arguana,42,high_recall,0.6309297535714575,0.6309297535714575,0.6309297535714575,0.0,Deep Hybrid
test-economy-bhahwbsps-pro01a,arguana,42,high_recall,0.5,1.0,0.5,0.0,Dense
test-economy-bhahwbsps-pro02a,arguana,42,high_recall,0.38685280723454163,0.5,0.5,0.11314719276545837,Deep Hybrid
test-economy-bhahwbsps-pro04a,arguana,42,high_recall,0.5,0.5,0.5,0.0,Deep Hybrid
test-economy-egecegphw-con01a,arguana,42,high_recall,0.6309297535714575,1.0,0.6309297535714575,0.0,Dense
test-economy-egecegphw-con02a,arguana,42,high_recall,0.6309297535714575,1.0,0.6309297535714575,0.0,Dense
test-economy-egecegphw-con03a,arguana,42,high_recall,0.5,0.43067655807339306,0.5,0.0,Dense
test-economy-egecegphw-pro03a,arguana,42,high_recall,0.3562071871080222,0.6309297535714575,0.3562071871080222,0.0,Dense
test-economy-egiahbwaka-con01a,arguana,42,high_recall,0.38685280723454163,0.6309297535714575,0.6309297535714575,0.2440769463369159,Deep Hybrid
test-economy-egiahbwaka-con02a,arguana,42,high_recall,0.0,0.43067655807339306,0.0,0.0,Dense
test-economy-egiahbwaka-con03a,arguana,42,high_recall,0.5,0.3333333333333333,0.5,0.0,Dense
test-economy-egiahbwaka-pro01a,arguana,42,high_recall,0.6309297535714575,1.0,0.6309297535714575,0.0,Dense
test-economy-egiahbwaka-pro02a,arguana,42,high_recall,0.6309297535714575,0.0,0.6309297535714575,0.0,Dense
test-economy-egppphbcb-con01a,arguana,42,high_recall,0.6309297535714575,0.0,0.6309297535714575,0.0,Dense
test-economy-egppphbcb-con02a,arguana,42,high_recall,0.6309297535714575,0.0,0.6309297535714575,0.0,Dense
test-economy-egppphbcb-con03a,arguana,42,high_recall,0.5,0.3562071871080222,0.5,0.0,Dense
test-economy-epegiahsc-con01a,arguana,42,high_recall,0.0,0.0,0.0,0.0,Dense
test-economy-epegiahsc-con03a,arguana,42,high_recall,0.0,0.6309297535714575,0.6309297535714575,0.6309297535714575,Deep Hybrid
test-economy-epegiahsc-pro03a,arguana,42,high_recall,0.6309297535714575,0.2890648263178879,0.6309297535714575,0.0,Dense
test-economy-epehwmrbals-con04a,arguana,42,high_recall,0.6309297535714575,1.0,0.6309297535714575,0.0,Dense
test-economy-epehwmrbals-pro04a,arguana,42,high_recall,0.6309297535714575,0.3010299956639812,0.6309297535714575,0.0,Dense
test-economy-epiasghbf-con02a,arguana,42,high_recall,0.5,0.6309297535714575,0.5,0.0,Dense
test-economy-epiasghbf-pro01a,arguana,42,high_recall,0.6309297535714575,0.38685280723454163,0.6309297535714575,0.0,Dense
test-economy-epiasghbf-pro03a,arguana,42,high_recall,0.31546487678572877,0.0,0.31546487678572877,0.0,Dense
test-economy-epsihbdns-con01a,arguana,42,high_recall,0.6309297535714575,0.43067655807339306,0.6309297535714575,0.0,Dense
test-economy-epsihbdns-pro03a,arguana,42,high_recall,0.0,0.0,0.0,0.0,Dense
test-economy-epsihbdns-pro04a,arguana,42,high_recall,0.0,0.0,0.0,0.0,Dense
test-economy-eptpghdtre-con02a,arguana,42,high_recall,0.6309297535714575,0.0,0.6309297535714575,0.0,Dense
test-economy-eptpghdtre-pro03a,arguana,42,high_recall,0.43067655807339306,0.43067655807339306,0.43067655807339306,0.0,Dense
test-economy-fiahwpamu-con02a,arguana,42,high_recall,0.6309297535714575,0.3562071871080222,0.3562071871080222,-0.27472256646343535,Deep Hybrid
test-economy-fiahwpamu-pro03a,arguana,42,high_recall,0.0,0.0,0.0,0.0,Dense
test-economy-thhghwhwift-con01a,arguana,42,high_recall,0.43067655807339306,0.38685280723454163,0.43067655807339306,0.0,Dense
test-economy-thhghwhwift-con02a,arguana,42,high_recall,0.31546487678572877,0.0,0.31546487678572877,0.0,Dense
test-economy-thhghwhwift-pro03a,arguana,42,high_recall,0.43067655807339306,1.0,0.43067655807339306,0.0,Dense
test-economy-thsptr-con01a,arguana,42,high_recall,0.3562071871080222,1.0,0.3562071871080222,0.0,Dense
test-economy-thsptr-con02a,arguana,42,high_recall,0.5,0.6309297535714575,0.5,0.0,Dense
test-economy-thsptr-con03a,arguana,42,high_recall,0.5,1.0,0.5,0.0,Dense
test-economy-thsptr-con04a,arguana,42,high_recall,0.31546487678572877,0.6309297535714575,0.31546487678572877,0.0,Dense
test-economy-thsptr-con05a,arguana,42,high_recall,0.38685280723454163,0.3562071871080222,0.3562071871080222,-0.030645620126519446,Deep Hybrid
test-economy-thsptr-pro02a,arguana,42,high_recall,0.0,0.0,0.0,0.0,Dense
test-economy-thsptr-pro03a,arguana,42,high_recall,0.3333333333333333,1.0,0.3333333333333333,0.0,Dense
test-economy-thsptr-pro04a,arguana,42,high_recall,0.38685280723454163,1.0,1.0,0.6131471927654584,Deep Hybrid
test-economy-thsptr-pro05a,arguana,42,high_recall,0.5,0.38685280723454163,0.5,0.0,Dense
test-education-egscphsrdt-con01a,arguana,42,high_recall,0.5,0.3562071871080222,0.5,0.0,Dense
test-education-egscphsrdt-con03a,arguana,42,high_recall,0.6309297535714575,1.0,0.6309297535714575,0.0,Dense
test-education-egscphsrdt-pro01a,arguana,42,high_recall,0.5,0.0,0.5,0.0,Dense
test-education-egtuscpih-con01a,arguana,42,high_recall,0.6309297535714575,0.6309297535714575,0.6309297535714575,0.0,Dense
test-education-egtuscpih-con02a,arguana,42,high_recall,0.6309297535714575,0.5,0.6309297535714575,0.0,Dense
test-education-egtuscpih-con04a,arguana,42,high_recall,0.5,0.5,0.5,0.0,Dense
test-education-egtuscpih-con05a,arguana,42,high_recall,0.6309297535714575,0.5,0.6309297535714575,0.0,Dense
test-education-egtuscpih-pro01a,arguana,42,high_recall,0.6309297535714575,0.6309297535714575,0.6309297535714575,0.0,Dense
test-education-egtuscpih-pro02a,arguana,42,high_recall,0.5,0.6309297535714575,0.5,0.0,Dense
test-education-egtuscpih-pro03a,arguana,42,high_recall,0.5,0.43067655807339306,0.5,0.0,Dense
test-education-egtuscpih-pro04a,arguana,42,high_recall,0.6309297535714575,0.6309297535714575,0.6309297535714575,0.0,Dense
test-education-egtuscpih-pro05a,arguana,42,high_recall,0.43067655807339306,0.6309297535714575,0.6309297535714575,0.20025319549806447,Deep Hybrid
test-education-pshhghwpba0-con01a,arguana,42,high_recall,0.6309297535714575,0.6309297535714575,0.6309297535714575,0.0,Dense
test-education-pshhghwpba0-con02a,arguana,42,high_recall,0.6309297535714575,0.6309297535714575,0.6309297535714575,0.0,Dense
test-education-pshhghwpba0-con04a,arguana,42,high_recall,0.6309297535714575,1.0,0.6309297535714575,0.0,Dense
test-education-pshhghwpba0-pro04a,arguana,42,high_recall,0.5,0.6309297535714575,0.5,0.0,Dense
test-education-pstrgsehwt-con01a,arguana,42,high_recall,0.3333333333333333,0.5,0.5,0.16666666666666669,Deep Hybrid
test-education-pstrgsehwt-pro03a,arguana,42,high_recall,0.5,1.0,0.5,0.0,Dense
test-education-pstrgsehwt-pro04a,arguana,42,high_recall,0.38685280723454163,0.5,0.5,0.11314719276545837,Deep Hybrid
test-education-pstrgsehwt-pro05a,arguana,42,high_recall,0.6309297535714575,0.38685280723454163,0.38685280723454163,-0.2440769463369159,Deep Hybrid
test-education-pteuhwfphe-con01a,arguana,42,high_recall,0.3333333333333333,0.0,0.3333333333333333,0.0,Dense
test-education-pteuhwfphe-con03a,arguana,42,high_recall,0.6309297535714575,0.3562071871080222,0.6309297535714575,0.0,Dense
test-education-pteuhwfphe-pro02a,arguana,42,high_recall,0.5,0.5,0.5,0.0,Deep Hybrid
test-education-tuhwastua-con01a,arguana,42,high_recall,0.3010299956639812,0.43067655807339306,0.3010299956639812,0.0,Dense
test-education-tuhwastua-con02a,arguana,42,high_recall,0.6309297535714575,0.5,0.6309297535714575,0.0,Dense
test-education-tuhwastua-pro01a,arguana,42,high_recall,0.38685280723454163,0.2890648263178879,0.2890648263178879,-0.09778798091665375,Deep Hybrid
test-education-tuhwastua-pro02a,arguana,42,high_recall,0.6309297535714575,0.5,0.6309297535714575,0.0,Dense
test-education-tuhwastua-pro04a,arguana,42,high_recall,0.3333333333333333,0.0,0.3333333333333333,0.0,Dense
test-education-tuhwastua-pro05a,arguana,42,high_recall,0.0,0.0,0.0,0.0,Dense
test-education-udfakusma-con03a,arguana,42,high_recall,0.5,0.0,0.5,0.0,Dense
test-education-udfakusma-pro01a,arguana,42,high_recall,0.0,0.0,0.0,0.0,Dense
test-education-udfakusma-pro02a,arguana,42,high_recall,0.0,0.6309297535714575,0.0,0.0,Dense
test-education-udfakusma-pro03a,arguana,42,high_recall,0.6309297535714575,0.6309297535714575,0.6309297535714575,0.0,Dense
test-education-ufsdfkhbwu-con01a,arguana,42,high_recall,0.0,0.0,0.0,0.0,Dense
test-education-ufsdfkhbwu-con02a,arguana,42,high_recall,0.0,0.0,0.0,0.0,Dense
test-education-ufsdfkhbwu-con03a,arguana,42,high_recall,0.0,0.0,0.0,0.0,Dense
test-education-ufsdfkhbwu-pro01a,arguana,42,high_recall,0.31546487678572877,0.3333333333333333,0.31546487678572877,0.0,Dense
test-education-ufsdfkhbwu-pro02a,arguana,42,high_recall,0.43067655807339306,0.43067655807339306,0.43067655807339306,0.0,Dense
test-education-ufsdfkhbwu-pro03a,arguana,42,high_recall,0.6309297535714575,0.5,0.6309297535714575,0.0,Dense
test-education-ughbuesbf-con01a,arguana,42,high_recall,0.3562071871080222,0.2890648263178879,0.2890648263178879,-0.0671423607901343,Deep Hybrid
test-education-ughbuesbf-con02a,arguana,42,high_recall,0.0,0.5,0.0,0.0,Dense
test-education-ughbuesbf-con04a,arguana,42,high_recall,0.3333333333333333,0.0,0.0,-0.3333333333333333,Deep Hybrid
test-education-ughbuesbf-pro02a,arguana,42,high_recall,0.6309297535714575,0.43067655807339306,0.6309297535714575,0.0,Dense
test-education-ughbuesbf-pro04a,arguana,42,high_recall,0.6309297535714575,0.0,0.6309297535714575,0.0,Dense
test-education-usuprmhbu-con01a,arguana,42,high_recall,0.6309297535714575,0.6309297535714575,0.6309297535714575,0.0,Dense
test-education-usuprmhbu-con03a,arguana,42,high_recall,0.5,1.0,1.0,0.5,Deep Hybrid
test-education-usuprmhbu-pro01a,arguana,42,high_recall,0.0,1.0,0.0,0.0,Dense
test-education-usuprmhbu-pro02a,arguana,42,high_recall,0.38685280723454163,1.0,0.38685280723454163,0.0,Dense
test-education-xeegshwfeu-con03a,arguana,42,high_recall,0.3333333333333333,0.3333333333333333,0.3333333333333333,0.0,Dense
test-education-xeegshwfeu-pro01a,arguana,42,high_recall,0.6309297535714575,0.0,0.0,-0.6309297535714575,Deep Hybrid
test-environment-aeghhgwpe-con01a,arguana,42,high_recall,0.5,0.6309297535714575,0.5,0.0,Dense
test-environment-aeghhgwpe-con02a,arguana,42,high_recall,0.6309297535714575,1.0,0.6309297535714575,0.0,Dense
test-environment-aeghhgwpe-con03a,arguana,42,high_recall,0.3333333333333333,0.31546487678572877,0.3333333333333333,0.0,Dense
test-environment-aeghhgwpe-pro01a,arguana,42,high_recall,0.6309297535714575,0.0,0.6309297535714575,0.0,Dense
test-environment-aeghhgwpe-pro03a,arguana,42,high_recall,0.6309297535714575,0.0,0.6309297535714575,0.0,Dense
test-environment-aeghhgwpe-pro04a,arguana,42,high_recall,0.6309297535714575,0.6309297535714575,0.6309297535714575,0.0,Dense
test-environment-aiahwagit-con01a,arguana,42,high_recall,0.0,0.0,0.0,0.0,Dense
test-environment-aiahwagit-con03a,arguana,42,high_recall,0.5,1.0,1.0,0.5,Deep Hybrid
test-environment-aiahwagit-con04a,arguana,42,high_recall,0.5,0.5,0.5,0.0,Deep Hybrid
test-environment-aiahwagit-pro03a,arguana,42,high_recall,0.6309297535714575,0.6309297535714575,0.6309297535714575,0.0,Dense
test-environment-assgbatj-con03a,arguana,42,high_recall,0.0,0.43067655807339306,0.43067655807339306,0.43067655807339306,Deep Hybrid
test-environment-assgbatj-con04a,arguana,42,high_recall,0.31546487678572877,0.5,0.5,0.18453512321427123,Deep Hybrid
test-environment-assgbatj-pro03a,arguana,42,high_recall,0.38685280723454163,0.0,0.0,-0.38685280723454163,Deep Hybrid
test-environment-assgbatj-pro04a,arguana,42,high_recall,0.43067655807339306,0.3333333333333333,0.3333333333333333,-0.09734322474005974,Deep Hybrid
test-environment-chbwtlgcc-con02a,arguana,42,high_recall,0.6309297535714575,0.6309297535714575,0.6309297535714575,0.0,Dense
test-environment-chbwtlgcc-pro02a,arguana,42,high_recall,0.6309297535714575,0.6309297535714575,0.6309297535714575,0.0,Dense
test-environment-chbwtlgcc-pro03a,arguana,42,high_recall,0.6309297535714575,0.5,0.6309297535714575,0.0,Dense
test-environment-opecewiahw-con01a,arguana,42,high_recall,0.3010299956639812,0.6309297535714575,0.6309297535714575,0.32989975790747633,Deep Hybrid
test-environment-opecewiahw-con03a,arguana,42,high_recall,0.0,0.5,0.5,0.5,Deep Hybrid
test-environment-opecewiahw-con04a,arguana,42,high_recall,0.0,0.0,0.0,0.0,Deep Hybrid
test-environment-opecewiahw-pro01a,arguana,42,high_recall,0.3562071871080222,0.6309297535714575,0.6309297535714575,0.27472256646343535,Deep Hybrid
test-environment-opecewiahw-pro02a,arguana,42,high_recall,0.43067655807339306,0.5,0.43067655807339306,0.0,Dense
test-environment-opecewiahw-pro03a,arguana,42,high_recall,0.3562071871080222,0.5,0.5,0.14379281289197782,Deep Hybrid
test-environment-opecewiahw-pro04a,arguana,42,high_recall,0.0,0.0,0.0,0.0,Dense
test-free-speech-debate-fchbjaj-con02a,arguana,42,high_recall,0.5,0.0,0.5,0.0,Dense
test-free-speech-debate-fchbjaj-con03a,arguana,42,high_recall,0.5,0.3010299956639812,0.5,0.0,Dense
test-free-speech-debate-fchbjaj-pro01a,arguana,42,high_recall,0.3562071871080222,0.43067655807339306,0.3562071871080222,0.0,Dense
test-free-speech-debate-fsaphgiap-con01a,arguana,42,high_recall,0.5,0.5,0.5,0.0,Dense
test-free-speech-debate-fsaphgiap-con03a,arguana,42,high_recall,0.38685280723454163,0.6309297535714575,0.38685280723454163,0.0,Dense
test-free-speech-debate-fsaphgiap-con04a,arguana,42,high_recall,0.6309297535714575,0.5,0.6309297535714575,0.0,Dense
test-free-speech-debate-fsaphgiap-pro01a,arguana,42,high_recall,0.0,0.0,0.0,0.0,Deep Hybrid
test-free-speech-debate-fsaphgiap-pro02a,arguana,42,high_recall,0.5,0.5,0.5,0.0,Dense
test-free-speech-debate-fsaphgiap-pro03a,arguana,42,high_recall,0.0,0.5,0.0,0.0,Dense
test-free-speech-debate-fsaphgiap-pro04a,arguana,42,high_recall,0.0,0.31546487678572877,0.0,0.0,Dense
test-free-speech-debate-ldhwbmclg-con01a,arguana,42,high_recall,0.0,0.2890648263178879,0.0,0.0,Dense
test-free-speech-debate-ldhwbmclg-con03a,arguana,42,high_recall,0.5,0.0,0.5,0.0,Dense
test-free-speech-debate-ldhwbmclg-pro02a,arguana,42,high_recall,0.0,0.0,0.0,0.0,Dense
test-free-speech-debate-ldhwbmclg-pro03a,arguana,42,high_recall,0.38685280723454163,0.2890648263178879,0.38685280723454163,0.0,Dense
test-free-speech-debate-ldhwprhs-con01a,arguana,42,high_recall,0.0,0.0,0.0,0.0,Dense
test-free-speech-debate-ldhwprhs-con02a,arguana,42,high_recall,0.0,0.0,0.0,0.0,Dense
test-free-speech-debate-ldhwprhs-pro01a,arguana,42,high_recall,0.6309297535714575,0.0,0.6309297535714575,0.0,Dense
test-free-speech-debate-ldhwprhs-pro03a,arguana,42,high_recall,0.31546487678572877,0.5,0.31546487678572877,0.0,Dense
test-free-speech-debate-magghbcrg-pro02a,arguana,42,high_recall,0.6309297535714575,0.0,0.6309297535714575,0.0,Dense
test-free-speech-debate-nshbbsbfb-con01a,arguana,42,high_recall,0.3010299956639812,0.0,0.3010299956639812,0.0,Dense
test-free-speech-debate-nshbbsbfb-con02a,arguana,42,high_recall,0.0,0.0,0.0,0.0,Dense
test-free-speech-debate-nshbbsbfb-con03a,arguana,42,high_recall,0.38685280723454163,0.0,0.0,-0.38685280723454163,Deep Hybrid
test-free-speech-debate-nshbbsbfb-pro01a,arguana,42,high_recall,0.5,0.0,0.5,0.0,Dense
test-free-speech-debate-nshbbsbfb-pro03a,arguana,42,high_recall,0.5,1.0,0.5,0.0,Dense
test-free-speech-debate-nshbbsbfb-pro04a,arguana,42,high_recall,0.0,0.0,0.0,0.0,Dense
test-free-speech-debate-nshbcsbawc-con03a,arguana,42,high_recall,0.0,0.38685280723454163,0.0,0.0,Dense
test-free-speech-debate-nshbcsbawc-pro03a,arguana,42,high_recall,0.3010299956639812,0.0,0.3010299956639812,0.0,Dense
test-free-speech-debate-nshbcsbawc-pro04a,arguana,42,high_recall,0.0,0.0,0.0,0.0,Dense
test-free-speech-debate-radhbsshr-con01a,arguana,42,high_recall,0.38685280723454163,0.0,0.0,-0.38685280723454163,Deep Hybrid
test-free-speech-debate-radhbsshr-con02a,arguana,42,high_recall,0.38685280723454163,0.0,0.38685280723454163,0.0,Dense
test-free-speech-debate-radhbsshr-pro01a,arguana,42,high_recall,0.38685280723454163,0.0,0.38685280723454163,0.0,Dense
test-free-speech-debate-radhbsshr-pro03a,arguana,42,high_recall,0.6309297535714575,1.0,0.6309297535714575,0.0,Dense
test-free-speech-debate-yfsdfkhbwu-pro03a,arguana,42,high_recall,0.5,0.6309297535714575,0.5,0.0,Dense
test-health-ahiahbgbsp-con02a,arguana,42,high_recall,0.3562071871080222,0.6309297535714575,0.6309297535714575,0.27472256646343535,Deep Hybrid
test-health-ahiahbgbsp-pro03a,arguana,42,high_recall,0.43067655807339306,0.31546487678572877,0.31546487678572877,-0.11521168128766429,Deep Hybrid
test-health-ahiahbgbsp-pro04a,arguana,42,high_recall,0.38685280723454163,0.6309297535714575,0.6309297535714575,0.2440769463369159,Deep Hybrid
test-health-ahiahbgbsp-pro05a,arguana,42,high_recall,0.0,0.3562071871080222,0.3562071871080222,0.3562071871080222,Deep Hybrid
test-health-dhghhbampt-con01a,arguana,42,high_recall,0.38685280723454163,0.0,0.38685280723454163,0.0,Dense
test-health-dhghhbampt-pro02a,arguana,42,high_recall,0.43067655807339306,0.0,0.43067655807339306,0.0,Dense
test-health-dhghwapgd-con01a,arguana,42,high_recall,0.43067655807339306,1.0,0.43067655807339306,0.0,Dense
test-health-dhghwapgd-con03a,arguana,42,high_recall,0.0,0.5,0.0,0.0,Dense
test-health-dhghwapgd-con04a,arguana,42,high_recall,0.0,0.0,0.0,0.0,Dense
test-health-dhghwapgd-pro01a,arguana,42,high_recall,0.3562071871080222,1.0,0.3562071871080222,0.0,Dense
test-health-dhghwapgd-pro02a,arguana,42,high_recall,0.3010299956639812,1.0,1.0,0.6989700043360187,Deep Hybrid
test-health-dhghwapgd-pro04a,arguana,42,high_recall,0.0,0.2890648263178879,0.0,0.0,Dense
test-health-dhgsshbesbc-con02a,arguana,42,high_recall,0.2890648263178879,0.0,0.0,-0.2890648263178879,Deep Hybrid
test-health-dhgsshbesbc-pro02a,arguana,42,high_recall,0.0,0.0,0.0,0.0,Deep Hybrid
test-health-dhiacihwph-con02a,arguana,42,high_recall,0.6309297535714575,0.5,0.5,-0.13092975357145753,Deep Hybrid
test-health-dhiacihwph-con03a,arguana,42,high_recall,0.5,0.3010299956639812,0.3010299956639812,-0.1989700043360188,Deep Hybrid
test-health-dhiacihwph-pro03a,arguana,42,high_recall,0.6309297535714575,0.6309297535714575,0.6309297535714575,0.0,Dense
test-health-dhiacihwph-pro04a,arguana,42,high_recall,0.31546487678572877,0.3010299956639812,0.31546487678572877,0.0,Dense
test-health-dhpelhbass-con02a,arguana,42,high_recall,0.0,0.0,0.0,0.0,Dense
test-health-dhpelhbass-con03a,arguana,42,high_recall,0.6309297535714575,0.3562071871080222,0.3562071871080222,-0.27472256646343535,Deep Hybrid
test-health-dhpelhbass-pro02a,arguana,42,high_recall,0.3562071871080222,1.0,0.3562071871080222,0.0,Dense
test-health-dhpelhbass-pro03a,arguana,42,high_recall,0.3562071871080222,0.3562071871080222,0.3562071871080222,0.0,Dense
test-health-hdond-con01a,arguana,42,high_recall,0.0,0.0,0.0,0.0,Dense
test-health-hdond-con02a,arguana,42,high_recall,0.43067655807339306,0.0,0.43067655807339306,0.0,Dense
test-health-hdond-con04a,arguana,42,high_recall,0.6309297535714575,0.38685280723454163,0.6309297535714575,0.0,Dense
test-health-hdond-pro01a,arguana,42,high_recall,0.6309297535714575,0.0,0.6309297535714575,0.0,Dense
test-health-hgwhwbjfs-con02a,arguana,42,high_recall,0.5,0.0,0.5,0.0,Dense
test-health-hgwhwbjfs-pro01a,arguana,42,high_recall,0.5,0.31546487678572877,0.5,0.0,Dense
test-health-hgwhwbjfs-pro03a,arguana,42,high_recall,0.31546487678572877,1.0,0.31546487678572877,0.0,Dense
test-health-hpehwadvoee-con02a,arguana,42,high_recall,0.5,0.3010299956639812,0.5,0.0,Dense
test-health-hpehwadvoee-con04a,arguana,42,high_recall,0.5,0.3562071871080222,0.5,0.0,Dense
test-health-hpehwadvoee-con05a,arguana,42,high_recall,0.0,0.0,0.0,0.0,Dense
test-health-hpehwadvoee-pro01a,arguana,42,high_recall,0.5,0.6309297535714575,0.5,0.0,Dense
test-health-ppelfhwbpba-con03a,arguana,42,high_recall,0.3333333333333333,0.43067655807339306,0.3333333333333333,0.0,Dense
test-international-aahwstdrtfm-con02a,arguana,42,high_recall,0.6309297535714575,0.6309297535714575,0.6309297535714575,0.0,Deep Hybrid
test-international-aahwstdrtfm-pro03a,arguana,42,high_recall,0.6309297535714575,0.31546487678572877,0.6309297535714575,0.0,Dense
test-international-aegmeppghw-con02a,arguana,42,high_recall,0.6309297535714575,1.0,1.0,0.36907024642854247,Deep Hybrid
test-international-aegmeppghw-con03a,arguana,42,high_recall,0.5,0.6309297535714575,0.5,0.0,Dense
test-international-aegmeppghw-con04a,arguana,42,high_recall,0.6309297535714575,0.6309297535714575,0.6309297535714575,0.0,Dense
test-international-aegmeppghw-pro03a,arguana,42,high_recall,0.2890648263178879,0.0,0.2890648263178879,0.0,Dense
test-international-aegmeppghw-pro04a,arguana,42,high_recall,0.38685280723454163,0.43067655807339306,0.38685280723454163,0.0,Dense
test-international-aghbfcpspr-con01a,arguana,42,high_recall,0.31546487678572877,0.3010299956639812,0.3010299956639812,-0.014434881121747567,Deep Hybrid
test-international-aghbfcpspr-con03a,arguana,42,high_recall,0.0,0.43067655807339306,0.0,0.0,Dense
test-international-aghbfcpspr-pro01a,arguana,42,high_recall,0.6309297535714575,0.0,0.6309297535714575,0.0,Dense
test-international-aghbfcpspr-pro05a,arguana,42,high_recall,0.0,0.31546487678572877,0.0,0.0,Dense
test-international-aghwrem-con02a,arguana,42,high_recall,0.5,0.0,0.5,0.0,Dense
test-international-aghwrem-con03a,arguana,42,high_recall,0.6309297535714575,0.0,0.0,-0.6309297535714575,Deep Hybrid
test-international-aghwrem-con04a,arguana,42,high_recall,0.6309297535714575,1.0,0.6309297535714575,0.0,Dense
test-international-aghwrem-pro01a,arguana,42,high_recall,0.6309297535714575,0.0,0.6309297535714575,0.0,Dense
test-international-aghwrem-pro02a,arguana,42,high_recall,0.3333333333333333,0.6309297535714575,0.3333333333333333,0.0,Dense
test-international-aghwrem-pro03a,arguana,42,high_recall,0.31546487678572877,0.38685280723454163,0.38685280723454163,0.07138793044881286,Deep Hybrid
test-international-aglhrilhb-con03a,arguana,42,high_recall,0.0,0.6309297535714575,0.0,0.0,Dense
test-international-aglhrilhb-pro03a,arguana,42,high_recall,0.0,0.31546487678572877,0.0,0.0,Dense
test-international-amehbuaisji-pro01a,arguana,42,high_recall,0.0,0.0,0.0,0.0,Dense
test-international-amehbuaisji-pro02a,arguana,42,high_recall,0.43067655807339306,0.3333333333333333,0.43067655807339306,0.0,Dense
test-international-amehbuaisji-pro03a,arguana,42,high_recall,0.0,0.5,0.0,0.0,Dense
test-international-appghblsba-con01a,arguana,42,high_recall,0.38685280723454163,0.0,0.38685280723454163,0.0,Dense
test-international-appghblsba-con03a,arguana,42,high_recall,0.5,1.0,1.0,0.5,Deep Hybrid
test-international-appghblsba-pro01a,arguana,42,high_recall,0.6309297535714575,0.2890648263178879,0.6309297535714575,0.0,Dense
test-international-appghblsba-pro03a,arguana,42,high_recall,0.0,0.0,0.0,0.0,Dense
test-international-appghblsba-pro04a,arguana,42,high_recall,0.31546487678572877,0.0,0.0,-0.31546487678572877,Deep Hybrid
test-international-apwhbaucmip-con01a,arguana,42,high_recall,0.6309297535714575,0.3562071871080222,0.3562071871080222,-0.27472256646343535,Deep Hybrid
test-international-apwhbaucmip-con02a,arguana,42,high_recall,0.6309297535714575,1.0,1.0,0.36907024642854247,Deep Hybrid
test-international-apwhbaucmip-con03a,arguana,42,high_recall,0.3333333333333333,0.6309297535714575,0.3333333333333333,0.0,Dense
test-international-apwhbaucmip-pro02a,arguana,42,high_recall,0.0,0.6309297535714575,0.0,0.0,Dense
test-international-apwhbaucmip-pro04a,arguana,42,high_recall,0.5,0.43067655807339306,0.5,0.0,Dense
test-international-atiahblit-con01a,arguana,42,high_recall,0.0,0.0,0.0,0.0,Dense
test-international-atiahblit-con02a,arguana,42,high_recall,0.6309297535714575,0.0,0.6309297535714575,0.0,Dense
test-international-atiahblit-con04a,arguana,42,high_recall,0.5,0.6309297535714575,0.5,0.0,Dense
test-international-atiahblit-pro01a,arguana,42,high_recall,0.5,0.0,0.5,0.0,Dense
test-international-atiahblit-pro02a,arguana,42,high_recall,0.6309297535714575,0.6309297535714575,0.6309297535714575,0.0,Deep Hybrid
test-international-atiahblit-pro04a,arguana,42,high_recall,0.43067655807339306,0.0,0.43067655807339306,0.0,Dense
test-international-bldimehbn-con02a,arguana,42,high_recall,0.0,0.0,0.0,0.0,Dense
test-international-bldimehbn-con03a,arguana,42,high_recall,0.0,0.3333333333333333,0.0,0.0,Dense
test-international-bldimehbn-pro03a,arguana,42,high_recall,0.6309297535714575,0.5,0.6309297535714575,0.0,Dense
test-international-bmaggiahbl-con02a,arguana,42,high_recall,0.6309297535714575,0.6309297535714575,0.6309297535714575,0.0,Deep Hybrid
test-international-eghrhbeusli-con01a,arguana,42,high_recall,0.5,0.0,0.5,0.0,Dense
test-international-eghrhbeusli-con02a,arguana,42,high_recall,0.3562071871080222,1.0,0.3562071871080222,0.0,Dense
test-international-eghrhbeusli-con04a,arguana,42,high_recall,0.6309297535714575,1.0,1.0,0.36907024642854247,Deep Hybrid
test-international-eghrhbeusli-con05a,arguana,42,high_recall,0.0,1.0,1.0,1.0,Deep Hybrid
test-international-eghrhbeusli-pro01a,arguana,42,high_recall,0.6309297535714575,1.0,1.0,0.36907024642854247,Deep Hybrid
test-international-eghrhbeusli-pro04a,arguana,42,high_recall,0.5,1.0,0.5,0.0,Dense
test-international-eghrhbeusli-pro05a,arguana,42,high_recall,0.0,0.3333333333333333,0.3333333333333333,0.3333333333333333,Deep Hybrid
test-international-ehbfe-pro03a,arguana,42,high_recall,0.6309297535714575,0.0,0.6309297535714575,0.0,Dense
test-international-ehbfe-pro05a,arguana,42,high_recall,0.6309297535714575,0.6309297535714575,0.6309297535714575,0.0,Dense
test-international-eiahwpamu-con01a,arguana,42,high_recall,0.43067655807339306,0.6309297535714575,0.6309297535714575,0.20025319549806447,Deep Hybrid
test-international-eiahwpamu-con02a,arguana,42,high_recall,0.5,0.38685280723454163,0.38685280723454163,-0.11314719276545837,Deep Hybrid
test-international-eiahwpamu-pro03a,arguana,42,high_recall,0.0,0.2890648263178879,0.0,0.0,Dense
test-international-eiahwpamu-pro04a,arguana,42,high_recall,0.5,0.6309297535714575,0.6309297535714575,0.13092975357145753,Deep Hybrid
test-international-eiahwpamu-pro05a,arguana,42,high_recall,0.5,0.3333333333333333,0.3333333333333333,-0.16666666666666669,Deep Hybrid
test-international-emephsate-con01a,arguana,42,high_recall,0.38685280723454163,0.6309297535714575,0.6309297535714575,0.2440769463369159,Deep Hybrid
test-international-emephsate-con02a,arguana,42,high_recall,0.6309297535714575,0.6309297535714575,0.6309297535714575,0.0,Dense
test-international-emephsate-con03a,arguana,42,high_recall,0.6309297535714575,0.5,0.6309297535714575,0.0,Dense
test-international-emephsate-pro02a,arguana,42,high_recall,0.6309297535714575,1.0,1.0,0.36907024642854247,Deep Hybrid
test-international-epdlhfcefp-con02a,arguana,42,high_recall,0.3333333333333333,0.0,0.3333333333333333,0.0,Dense
test-international-epdlhfcefp-pro01a,arguana,42,high_recall,0.43067655807339306,0.5,0.5,0.06932344192660694,Deep Hybrid
test-international-epglghbni-con01a,arguana,42,high_recall,0.43067655807339306,0.5,0.43067655807339306,0.0,Dense
test-international-epglghbni-con02a,arguana,42,high_recall,0.0,0.43067655807339306,0.0,0.0,Dense
test-international-epglghbni-pro04a,arguana,42,high_recall,0.3010299956639812,0.43067655807339306,0.3010299956639812,0.0,Dense
test-international-epvhwhranet-con01a,arguana,42,high_recall,0.38685280723454163,0.6309297535714575,0.38685280723454163,0.0,Dense
test-international-epvhwhranet-con02a,arguana,42,high_recall,0.6309297535714575,0.0,0.6309297535714575,0.0,Dense
test-international-epvhwhranet-con04a,arguana,42,high_recall,0.6309297535714575,0.5,0.6309297535714575,0.0,Dense
test-international-epvhwhranet-pro03a,arguana,42,high_recall,0.31546487678572877,0.0,0.31546487678572877,0.0,Dense
test-international-ghbunhf-con03a,arguana,42,high_recall,0.6309297535714575,1.0,0.6309297535714575,0.0,Dense
test-international-ghbunhf-con04a,arguana,42,high_recall,0.43067655807339306,0.0,0.43067655807339306,0.0,Dense
test-international-ghbunhf-pro02a,arguana,42,high_recall,0.38685280723454163,0.38685280723454163,0.38685280723454163,0.0,Dense
test-international-ghwcitca-con01a,arguana,42,high_recall,0.43067655807339306,1.0,0.43067655807339306,0.0,Dense
test-international-ghwcitca-con02a,arguana,42,high_recall,0.43067655807339306,0.0,0.43067655807339306,0.0,Dense
test-international-ghwcitca-pro02a,arguana,42,high_recall,0.3562071871080222,0.31546487678572877,0.3562071871080222,0.0,Dense
test-international-ghwcitca-pro03a,arguana,42,high_recall,0.5,0.0,0.5,0.0,Dense
test-international-ghwcitca-pro04a,arguana,42,high_recall,0.3562071871080222,1.0,1.0,0.6437928128919779,Deep Hybrid
test-international-glilpdwhsn-con04a,arguana,42,high_recall,0.6309297535714575,0.5,0.6309297535714575,0.0,Dense
test-international-gmehbisrip1b-pro01a,arguana,42,high_recall,0.5,0.0,0.0,-0.5,Deep Hybrid
test-international-gmehbisrip1b-pro03a,arguana,42,high_recall,0.5,0.0,0.0,-0.5,Deep Hybrid
test-international-gmehwasr-con01a,arguana,42,high_recall,0.0,0.0,0.0,0.0,Dense
test-international-gmehwasr-con02a,arguana,42,high_recall,0.0,1.0,0.0,0.0,Dense
test-international-gmehwasr-pro01a,arguana,42,high_recall,0.0,0.0,0.0,0.0,Dense
test-international-gmehwasr-pro02a,arguana,42,high_recall,0.6309297535714575,0.0,0.6309297535714575,0.0,Dense
test-international-gmehwasr-pro04a,arguana,42,high_recall,0.0,0.6309297535714575,0.6309297535714575,0.6309297535714575,Deep Hybrid
test-international-gpdwhwcusa-con02a,arguana,42,high_recall,0.6309297535714575,1.0,1.0,0.36907024642854247,Deep Hybrid
test-international-gpdwhwcusa-con03a,arguana,42,high_recall,0.6309297535714575,0.0,0.6309297535714575,0.0,Dense
test-international-gpdwhwcusa-con04a,arguana,42,high_recall,0.6309297535714575,0.38685280723454163,0.38685280723454163,-0.2440769463369159,Deep Hybrid
test-international-gpdwhwcusa-con05a,arguana,42,high_recall,0.43067655807339306,0.0,0.0,-0.43067655807339306,Deep Hybrid
test-international-gpdwhwcusa-pro03a,arguana,42,high_recall,0.6309297535714575,0.5,0.5,-0.13092975357145753,Deep Hybrid
test-international-gpsmhbsosb-pro01a,arguana,42,high_recall,0.6309297535714575,0.3010299956639812,0.6309297535714575,0.0,Dense
test-international-gpsmhbsosb-pro03a,arguana,42,high_recall,0.6309297535714575,0.0,0.6309297535714575,0.0,Dense
test-international-gsciidffe-con02a,arguana,42,high_recall,0.0,0.5,0.0,0.0,Dense
test-international-gsciidffe-con03a,arguana,42,high_recall,0.6309297535714575,0.3562071871080222,0.6309297535714575,0.0,Dense
test-international-gsciidffe-pro01a,arguana,42,high_recall,0.0,0.2890648263178879,0.0,0.0,Dense
test-international-iiahwagit-con01a,arguana,42,high_recall,0.0,0.0,0.0,0.0,Dense
test-international-iiahwagit-con02a,arguana,42,high_recall,0.5,0.43067655807339306,0.5,0.0,Dense
test-international-iiahwagit-con03a,arguana,42,high_recall,0.43067655807339306,0.6309297535714575,0.6309297535714575,0.20025319549806447,Deep Hybrid
test-international-iiahwagit-pro01a,arguana,42,high_recall,0.0,0.2890648263178879,0.0,0.0,Dense
test-international-iiahwagit-pro02a,arguana,42,high_recall,0.38685280723454163,0.2890648263178879,0.38685280723454163,0.0,Dense
test-international-iiahwagit-pro03a,arguana,42,high_recall,0.5,1.0,0.5,0.0,Dense
test-international-iighbopcc-con03a,arguana,42,high_recall,0.6309297535714575,0.6309297535714575,0.6309297535714575,0.0,Dense
test-international-iighbopcc-pro01a,arguana,42,high_recall,0.43067655807339306,0.3333333333333333,0.3333333333333333,-0.09734322474005974,Deep Hybrid
test-international-ipecfiepg-con04a,arguana,42,high_recall,0.3333333333333333,0.0,0.0,-0.3333333333333333,Deep Hybrid
test-international-iwiaghbss-con01a,arguana,42,high_recall,0.3333333333333333,0.0,0.3333333333333333,0.0,Dense
test-international-iwiaghbss-con03a,arguana,42,high_recall,0.43067655807339306,0.0,0.43067655807339306,0.0,Dense
test-international-iwiaghbss-pro01a,arguana,42,high_recall,0.6309297535714575,0.0,0.6309297535714575,0.0,Dense
test-international-iwiaghbss-pro02a,arguana,42,high_recall,0.6309297535714575,0.6309297535714575,0.6309297535714575,0.0,Dense
test-international-iwiaghbss-pro03a,arguana,42,high_recall,0.38685280723454163,0.3010299956639812,0.38685280723454163,0.0,Dense
test-international-iwiaghbss-pro04a,arguana,42,high_recall,0.43067655807339306,0.0,0.43067655807339306,0.0,Dense
test-international-miasimyhw-con01a,arguana,42,high_recall,0.3333333333333333,0.6309297535714575,0.3333333333333333,0.0,Dense
test-international-miasimyhw-con02a,arguana,42,high_recall,0.0,0.6309297535714575,0.0,0.0,Dense
test-international-miasimyhw-con03a,arguana,42,high_recall,0.0,0.6309297535714575,0.0,0.0,Dense
test-international-miasimyhw-pro01a,arguana,42,high_recall,0.38685280723454163,1.0,0.38685280723454163,0.0,Dense
test-international-miasimyhw-pro03a,arguana,42,high_recall,0.6309297535714575,0.6309297535714575,0.6309297535714575,0.0,Dense
test-international-miasimyhw-pro04a,arguana,42,high_recall,0.38685280723454163,0.0,0.38685280723454163,0.0,Dense
test-international-miasimyhw-pro05a,arguana,42,high_recall,0.6309297535714575,0.38685280723454163,0.6309297535714575,0.0,Dense
test-international-segiahbarr-con01a,arguana,42,high_recall,0.5,0.3562071871080222,0.5,0.0,Dense
test-international-segiahbarr-con02a,arguana,42,high_recall,0.0,0.0,0.0,0.0,Dense
test-international-sepiahbaaw-con02a,arguana,42,high_recall,0.6309297535714575,0.3562071871080222,0.6309297535714575,0.0,Dense
test-international-sepiahbaaw-pro04a,arguana,42,high_recall,0.0,0.31546487678572877,0.0,0.0,Dense
test-international-siacphbnt-con01a,arguana,42,high_recall,0.0,0.6309297535714575,0.0,0.0,Dense
test-international-siacphbnt-con04a,arguana,42,high_recall,0.5,0.3333333333333333,0.5,0.0,Dense
test-international-siacphbnt-pro01a,arguana,42,high_recall,0.6309297535714575,0.6309297535714575,0.6309297535714575,0.0,Deep Hybrid
test-international-siacphbnt-pro03a,arguana,42,high_recall,0.43067655807339306,0.38685280723454163,0.43067655807339306,0.0,Dense
test-international-ssiarcmhb-pro02a,arguana,42,high_recall,0.5,1.0,1.0,0.5,Deep Hybrid
test-international-ssiarcmhb-pro04a,arguana,42,high_recall,0.6309297535714575,0.6309297535714575,0.6309297535714575,0.0,Dense
test-international-ssiarcmhb-pro05a,arguana,42,high_recall,0.31546487678572877,0.6309297535714575,0.6309297535714575,0.31546487678572877,Deep Hybrid
test-law-cpilhbishioe-con02a,arguana,42,high_recall,0.5,0.43067655807339306,0.5,0.0,Dense
test-law-cpilhbishioe-pro01a,arguana,42,high_recall,0.6309297535714575,0.0,0.6309297535714575,0.0,Dense
test-law-cpilhbishioe-pro02a,arguana,42,high_recall,0.6309297535714575,1.0,0.6309297535714575,0.0,Dense
test-law-cpilhbishioe-pro03a,arguana,42,high_recall,0.6309297535714575,0.0,0.6309297535714575,0.0,Dense
test-law-cplglghwbhwd-con02a,arguana,42,high_recall,0.6309297535714575,1.0,0.6309297535714575,0.0,Dense
test-law-cplglghwbhwd-pro01a,arguana,42,high_recall,0.5,0.0,0.5,0.0,Dense
test-law-cplglghwbhwd-pro02a,arguana,42,high_recall,0.5,0.6309297535714575,0.5,0.0,Dense
test-law-cplglghwbhwd-pro03a,arguana,42,high_recall,0.38685280723454163,0.0,0.38685280723454163,0.0,Dense
test-law-cplgpshwdp-con01a,arguana,42,high_recall,0.3562071871080222,0.0,0.3562071871080222,0.0,Dense
test-law-cplgpshwdp-con04a,arguana,42,high_recall,0.31546487678572877,0.6309297535714575,0.31546487678572877,0.0,Dense
test-law-cppshbcjsfm-con02a,arguana,42,high_recall,0.2890648263178879,0.0,0.0,-0.2890648263178879,Deep Hybrid
test-law-cppshbcjsfm-con03a,arguana,42,high_recall,0.31546487678572877,0.0,0.31546487678572877,0.0,Dense
test-law-cppshbcjsfm-con04a,arguana,42,high_recall,0.43067655807339306,0.0,0.43067655807339306,0.0,Dense
test-law-cppshbcjsfm-pro01a,arguana,42,high_recall,0.3010299956639812,0.0,0.3010299956639812,0.0,Dense
test-law-hrilpgwhwr-con01a,arguana,42,high_recall,0.6309297535714575,1.0,0.6309297535714575,0.0,Dense
test-law-hrilpgwhwr-con02a,arguana,42,high_recall,0.43067655807339306,0.3333333333333333,0.43067655807339306,0.0,Dense
test-law-hrilpgwhwr-con03a,arguana,42,high_recall,0.0,0.6309297535714575,0.0,0.0,Dense
test-law-hrilpgwhwr-pro01a,arguana,42,high_recall,0.0,0.0,0.0,0.0,Dense
test-law-hrilpgwhwr-pro02a,arguana,42,high_recall,0.3562071871080222,0.6309297535714575,0.3562071871080222,0.0,Dense
test-law-hrpepthwuto-con01a,arguana,42,high_recall,0.0,0.0,0.0,0.0,Dense
test-law-hrpepthwuto-con02a,arguana,42,high_recall,0.0,0.0,0.0,0.0,Dense
test-law-hrpepthwuto-pro01a,arguana,42,high_recall,0.6309297535714575,0.0,0.6309297535714575,0.0,Dense
test-law-ilppppghb-con02a,arguana,42,high_recall,0.0,0.6309297535714575,0.0,0.0,Dense
test-law-ilppppghb-pro04a,arguana,42,high_recall,0.6309297535714575,1.0,0.6309297535714575,0.0,Dense
test-law-lghbacpsba-con02a,arguana,42,high_recall,0.6309297535714575,0.6309297535714575,0.6309297535714575,0.0,Deep Hybrid
test-law-lghbacpsba-pro01a,arguana,42,high_recall,0.31546487678572877,0.43067655807339306,0.31546487678572877,0.0,Dense
test-law-lghbacpsba-pro02a,arguana,42,high_recall,0.0,0.43067655807339306,0.0,0.0,Dense
test-law-lghbacpsba-pro05a,arguana,42,high_recall,0.6309297535714575,0.38685280723454163,0.6309297535714575,0.0,Dense
test-law-lghwpcctcc-con02a,arguana,42,high_recall,0.0,0.0,0.0,0.0,Dense
test-law-lghwpcctcc-pro02a,arguana,42,high_recall,0.6309297535714575,0.3010299956639812,0.3010299956639812,-0.32989975790747633,Deep Hybrid
test-law-lghwpcctcc-pro03a,arguana,42,high_recall,0.43067655807339306,0.6309297535714575,0.43067655807339306,0.0,Dense
test-law-lgplhbssbco-con03a,arguana,42,high_recall,0.3562071871080222,0.3562071871080222,0.3562071871080222,0.0,Dense
test-law-phwmfri-con02a,arguana,42,high_recall,0.38685280723454163,0.0,0.38685280723454163,0.0,Dense
test-law-phwmfri-con03a,arguana,42,high_recall,0.0,0.31546487678572877,0.0,0.0,Dense
test-law-phwmfri-pro01a,arguana,42,high_recall,0.5,0.6309297535714575,0.5,0.0,Dense
test-law-phwmfri-pro02a,arguana,42,high_recall,0.0,0.0,0.0,0.0,Dense
test-law-ralhrilglv-con01a,arguana,42,high_recall,0.0,0.0,0.0,0.0,Dense
test-law-ralhrilglv-con04a,arguana,42,high_recall,0.6309297535714575,0.6309297535714575,0.6309297535714575,0.0,Dense
test-law-ralhrilglv-pro01a,arguana,42,high_recall,0.0,0.3333333333333333,0.0,0.0,Dense
test-law-ralhrilglv-pro02a,arguana,42,high_recall,0.5,0.3562071871080222,0.5,0.0,Dense
test-law-rmelhrilhbiw-con02a,arguana,42,high_recall,0.6309297535714575,0.6309297535714575,0.6309297535714575,0.0,Dense
test-law-rmelhrilhbiw-con03a,arguana,42,high_recall,0.0,0.0,0.0,0.0,Dense
test-law-rmelhrilhbiw-pro03a,arguana,42,high_recall,0.43067655807339306,0.2890648263178879,0.43067655807339306,0.0,Dense
test-law-sdfclhrppph-con01a,arguana,42,high_recall,0.6309297535714575,0.6309297535714575,0.6309297535714575,0.0,Dense
test-law-sdfclhrppph-con02a,arguana,42,high_recall,0.43067655807339306,0.3333333333333333,0.43067655807339306,0.0,Dense
test-law-sdfclhrppph-pro02a,arguana,42,high_recall,0.6309297535714575,0.0,0.6309297535714575,0.0,Dense
test-law-sdfclhrppph-pro04a,arguana,42,high_recall,0.6309297535714575,1.0,0.6309297535714575,0.0,Dense
test-law-sdiflhrdffe-con01a,arguana,42,high_recall,0.2890648263178879,0.0,0.2890648263178879,0.0,Dense
test-law-sdiflhrdffe-con03a,arguana,42,high_recall,0.6309297535714575,1.0,0.6309297535714575,0.0,Dense
test-law-sdiflhrdffe-pro03a,arguana,42,high_recall,0.0,1.0,0.0,0.0,Dense
test-law-tahglcphsld-con01a,arguana,42,high_recall,0.5,0.0,0.5,0.0,Dense
test-law-tahglcphsld-con02a,arguana,42,high_recall,0.5,0.3562071871080222,0.3562071871080222,-0.14379281289197782,Deep Hybrid
test-law-tahglcphsld-con03a,arguana,42,high_recall,0.5,0.5,0.5,0.0,Dense
test-law-tahglcphsld-pro01a,arguana,42,high_recall,0.43067655807339306,0.3333333333333333,0.43067655807339306,0.0,Dense
test-law-tahglcphsld-pro02a,arguana,42,high_recall,0.6309297535714575,1.0,0.6309297535714575,0.0,Dense
test-law-tahglcphsld-pro04a,arguana,42,high_recall,0.3562071871080222,0.0,0.3562071871080222,0.0,Dense
test-law-tahglcphsld-pro07a,arguana,42,high_recall,0.6309297535714575,0.6309297535714575,0.6309297535714575,0.0,Deep Hybrid
test-law-thgglcplgphw-con01a,arguana,42,high_recall,0.43067655807339306,1.0,0.43067655807339306,0.0,Dense
test-law-thgglcplgphw-con02a,arguana,42,high_recall,0.0,0.0,0.0,0.0,Dense
test-law-thgglcplgphw-pro02a,arguana,42,high_recall,0.3562071871080222,1.0,0.3562071871080222,0.0,Dense
test-law-thgglcplgphw-pro03a,arguana,42,high_recall,0.3333333333333333,1.0,0.3333333333333333,0.0,Dense
test-law-tlcplghwfne-con01a,arguana,42,high_recall,0.5,0.38685280723454163,0.38685280723454163,-0.11314719276545837,Deep Hybrid
test-law-tlcplghwfne-con03a,arguana,42,high_recall,0.5,0.6309297535714575,0.6309297535714575,0.13092975357145753,Deep Hybrid
test-law-tlcplghwfne-pro01a,arguana,42,high_recall,0.6309297535714575,0.6309297535714575,0.6309297535714575,0.0,Deep Hybrid
test-law-tlcplghwfne-pro03a,arguana,42,high_recall,0.6309297535714575,0.6309297535714575,0.6309297535714575,0.0,Deep Hybrid
test-law-umtlilhotac-con01a,arguana,42,high_recall,0.6309297535714575,0.6309297535714575,0.6309297535714575,0.0,Dense
test-law-umtlilhotac-pro01a,arguana,42,high_recall,0.43067655807339306,1.0,0.43067655807339306,0.0,Dense
test-law-umtlilhotac-pro02a,arguana,42,high_recall,0.43067655807339306,0.3333333333333333,0.43067655807339306,0.0,Dense
test-philosophy-apessghwba-con01a,arguana,42,high_recall,0.0,0.0,0.0,0.0,Deep Hybrid
test-philosophy-apessghwba-con02a,arguana,42,high_recall,0.5,0.0,0.5,0.0,Dense
test-philosophy-apessghwba-con03a,arguana,42,high_recall,0.2890648263178879,0.0,0.2890648263178879,0.0,Dense
test-philosophy-apessghwba-pro01a,arguana,42,high_recall,0.0,0.3010299956639812,0.3010299956639812,0.3010299956639812,Deep Hybrid
test-philosophy-apessghwba-pro02a,arguana,42,high_recall,0.3333333333333333,0.0,0.3333333333333333,0.0,Dense
test-philosophy-apessghwba-pro04a,arguana,42,high_recall,0.5,0.2890648263178879,0.2890648263178879,-0.21093517368211212,Deep Hybrid
test-philosophy-elhbrd-con02a,arguana,42,high_recall,0.31546487678572877,0.0,0.31546487678572877,0.0,Dense
test-philosophy-elhbrd-con04a,arguana,42,high_recall,0.38685280723454163,1.0,0.38685280723454163,0.0,Dense
test-philosophy-elhbrd-pro03a,arguana,42,high_recall,0.0,0.0,0.0,0.0,Dense
test-philosophy-elkosmj-con01a,arguana,42,high_recall,0.38685280723454163,0.5,0.38685280723454163,0.0,Dense
test-philosophy-elkosmj-con04a,arguana,42,high_recall,0.0,0.0,0.0,0.0,Dense
test-philosophy-elkosmj-con05a,arguana,42,high_recall,0.5,0.5,0.5,0.0,Dense
test-philosophy-elkosmj-pro01a,arguana,42,high_recall,0.5,0.38685280723454163,0.5,0.0,Dense
test-philosophy-elkosmj-pro03a,arguana,42,high_recall,0.5,0.6309297535714575,0.5,0.0,Dense
test-philosophy-eppphwlrtjs-con02a,arguana,42,high_recall,0.5,0.3562071871080222,0.3562071871080222,-0.14379281289197782,Deep Hybrid
test-philosophy-eppphwlrtjs-con03a,arguana,42,high_recall,0.6309297535714575,0.2890648263178879,0.2890648263178879,-0.34186492725356965,Deep Hybrid
test-philosophy-eppphwlrtjs-con04a,arguana,42,high_recall,0.6309297535714575,0.6309297535714575,0.6309297535714575,0.0,Deep Hybrid
test-philosophy-eppphwlrtjs-pro04a,arguana,42,high_recall,0.6309297535714575,0.0,0.6309297535714575,0.0,Dense
test-philosophy-eppphwlrtjs-pro05a,arguana,42,high_recall,0.5,0.0,0.5,0.0,Dense
test-philosophy-ippelhbcp-con03a,arguana,42,high_recall,0.0,0.0,0.0,0.0,Dense
test-philosophy-ippelhbcp-pro01a,arguana,42,high_recall,0.0,0.0,0.0,0.0,Dense
test-philosophy-ippelhbcp-pro03a,arguana,42,high_recall,0.5,0.5,0.5,0.0,Dense
test-philosophy-npegiepp-con03a,arguana,42,high_recall,0.6309297535714575,1.0,0.6309297535714575,0.0,Dense
test-philosophy-npegiepp-con04a,arguana,42,high_recall,0.5,0.6309297535714575,0.5,0.0,Dense
test-philosophy-npegiepp-pro01a,arguana,42,high_recall,0.38685280723454163,0.43067655807339306,0.43067655807339306,0.04382375083885143,Deep Hybrid
test-philosophy-npegiepp-pro03a,arguana,42,high_recall,0.0,0.38685280723454163,0.38685280723454163,0.38685280723454163,Deep Hybrid
test-philosophy-npegiepp-pro05a,arguana,42,high_recall,0.6309297535714575,0.6309297535714575,0.6309297535714575,0.0,Dense
test-philosophy-npppmhwup-con01a,arguana,42,high_recall,0.0,0.0,0.0,0.0,Dense
test-philosophy-npppmhwup-pro01a,arguana,42,high_recall,0.43067655807339306,0.0,0.43067655807339306,0.0,Dense
test-philosophy-npppmhwup-pro02a,arguana,42,high_recall,0.5,0.5,0.5,0.0,Dense
test-philosophy-npppmhwup-pro03a,arguana,42,high_recall,0.6309297535714575,0.6309297535714575,0.6309297535714575,0.0,Dense
test-philosophy-pphbclsbs-con01a,arguana,42,high_recall,0.3010299956639812,0.0,0.3010299956639812,0.0,Dense
test-philosophy-pphbclsbs-con02a,arguana,42,high_recall,0.6309297535714575,0.5,0.6309297535714575,0.0,Dense
test-philosophy-pphbclsbs-con03a,arguana,42,high_recall,0.0,0.0,0.0,0.0,Dense
test-philosophy-pphbclsbs-pro02a,arguana,42,high_recall,0.43067655807339306,0.0,0.43067655807339306,0.0,Dense
test-philosophy-pphbclsbs-pro03a,arguana,42,high_recall,0.6309297535714575,0.3010299956639812,0.6309297535714575,0.0,Dense
test-philosophy-pppgshbsd-con02a,arguana,42,high_recall,0.0,0.31546487678572877,0.0,0.0,Dense
test-philosophy-pppgshbsd-con03a,arguana,42,high_recall,0.3010299956639812,0.31546487678572877,0.3010299956639812,0.0,Dense
test-philosophy-pppgshbsd-con04a,arguana,42,high_recall,0.5,0.3010299956639812,0.5,0.0,Dense
test-philosophy-pppgshbsd-pro01a,arguana,42,high_recall,0.0,0.0,0.0,0.0,Dense
test-philosophy-pppgshbsd-pro02a,arguana,42,high_recall,0.2890648263178879,0.6309297535714575,0.2890648263178879,0.0,Dense
test-philosophy-pppgshbsd-pro03a,arguana,42,high_recall,0.38685280723454163,0.3333333333333333,0.38685280723454163,0.0,Dense
test-philosophy-pppthbtcb-con02a,arguana,42,high_recall,0.5,0.0,0.5,0.0,Dense
test-philosophy-pppthbtcb-con04a,arguana,42,high_recall,0.3010299956639812,0.3562071871080222,0.3010299956639812,0.0,Dense
test-philosophy-pppthbtcb-pro01a,arguana,42,high_recall,0.38685280723454163,0.3562071871080222,0.38685280723454163,0.0,Dense
test-philosophy-pppthbtcb-pro02a,arguana,42,high_recall,0.6309297535714575,0.0,0.6309297535714575,0.0,Dense
test-philosophy-pppthbtcb-pro03a,arguana,42,high_recall,0.3010299956639812,1.0,0.3010299956639812,0.0,Dense
test-philosophy-pppthbtcb-pro04a,arguana,42,high_recall,0.6309297535714575,0.0,0.6309297535714575,0.0,Dense
test-philosophy-pppthbtcb-pro05a,arguana,42,high_recall,0.43067655807339306,0.0,0.43067655807339306,0.0,Dense
test-politics-cdfsaphgiap-con02a,arguana,42,high_recall,0.43067655807339306,0.6309297535714575,0.43067655807339306,0.0,Dense
test-politics-cdfsaphgiap-con04a,arguana,42,high_recall,0.5,0.6309297535714575,0.5,0.0,Dense
test-politics-cdfsaphgiap-pro03a,arguana,42,high_recall,0.0,0.6309297535714575,0.0,0.0,Dense
test-politics-cdmaggpdgdf-con02a,arguana,42,high_recall,0.5,0.5,0.5,0.0,Dense
test-politics-cdmaggpdgdf-con04a,arguana,42,high_recall,0.6309297535714575,1.0,0.6309297535714575,0.0,Dense
test-politics-cdmaggpdgdf-con05a,arguana,42,high_recall,0.6309297535714575,0.38685280723454163,0.6309297535714575,0.0,Dense
test-politics-cdmaggpdgdf-pro01a,arguana,42,high_recall,0.6309297535714575,0.2890648263178879,0.6309297535714575,0.0,Dense
test-politics-cdmaggpdgdf-pro02a,arguana,42,high_recall,0.3333333333333333,0.6309297535714575,0.3333333333333333,0.0,Dense
test-politics-cdmaggpdgdf-pro03a,arguana,42,high_recall,0.3333333333333333,1.0,0.3333333333333333,0.0,Dense
test-politics-cdmaggpdgdf-pro04a,arguana,42,high_recall,0.6309297535714575,1.0,1.0,0.36907024642854247,Deep Hybrid
test-politics-cdmaggpdgdf-pro05a,arguana,42,high_recall,0.6309297535714575,0.5,0.6309297535714575,0.0,Dense
test-politics-cpecfiepg-con01a,arguana,42,high_recall,0.31546487678572877,1.0,1.0,0.6845351232142712,Deep Hybrid
test-politics-cpecfiepg-con02a,arguana,42,high_recall,0.0,0.0,0.0,0.0,Deep Hybrid
test-politics-cpecfiepg-con03a,arguana,42,high_recall,0.43067655807339306,0.6309297535714575,0.6309297535714575,0.20025319549806447,Deep Hybrid
test-politics-cpecfiepg-con04a,arguana,42,high_recall,0.38685280723454163,0.0,0.0,-0.38685280723454163,Deep Hybrid
test-politics-cpecfiepg-pro02a,arguana,42,high_recall,0.43067655807339306,0.0,0.0,-0.43067655807339306,Deep Hybrid
test-politics-cpecfiepg-pro03a,arguana,42,high_recall,0.5,1.0,1.0,0.5,Deep Hybrid
test-politics-cpegiepgh-pro02a,arguana,42,high_recall,0.6309297535714575,1.0,1.0,0.36907024642854247,Deep Hybrid
test-politics-cpegiepgh-pro03a,arguana,42,high_recall,0.6309297535714575,1.0,0.6309297535714575,0.0,Dense
test-politics-dhbanhrnw-con01a,arguana,42,high_recall,0.0,0.0,0.0,0.0,Dense
test-politics-dhbanhrnw-con03a,arguana,42,high_recall,0.6309297535714575,0.0,0.6309297535714575,0.0,Dense
test-politics-dhbanhrnw-con04a,arguana,42,high_recall,0.3562071871080222,0.0,0.3562071871080222,0.0,Dense
test-politics-dhbanhrnw-con05a,arguana,42,high_recall,0.6309297535714575,0.0,0.6309297535714575,0.0,Dense
test-politics-dhbanhrnw-pro01a,arguana,42,high_recall,0.43067655807339306,0.38685280723454163,0.43067655807339306,0.0,Dense
test-politics-dhbanhrnw-pro02a,arguana,42,high_recall,0.6309297535714575,0.3010299956639812,0.6309297535714575,0.0,Dense
test-politics-dhbanhrnw-pro03a,arguana,42,high_recall,0.5,0.2890648263178879,0.5,0.0,Dense
test-politics-dhbanhrnw-pro04a,arguana,42,high_recall,0.38685280723454163,0.0,0.0,-0.38685280723454163,Deep Hybrid
test-politics-dhwem-con03a,arguana,42,high_recall,0.2890648263178879,0.38685280723454163,0.2890648263178879,0.0,Dense
test-politics-dhwem-con04a,arguana,42,high_recall,0.31546487678572877,0.3562071871080222,0.31546487678572877,0.0,Dense
test-politics-dhwem-pro01a,arguana,42,high_recall,0.0,0.0,0.0,0.0,Deep Hybrid
test-politics-dhwem-pro02a,arguana,42,high_recall,0.0,0.3010299956639812,0.0,0.0,Dense
test-politics-dhwem-pro03a,arguana,42,high_recall,0.0,0.0,0.0,0.0,Deep Hybrid
test-politics-eppghwgpi-con01a,arguana,42,high_recall,0.3010299956639812,0.38685280723454163,0.3010299956639812,0.0,Dense
test-politics-eppghwgpi-con02a,arguana,42,high_recall,0.0,0.0,0.0,0.0,Dense
test-politics-eppghwgpi-con03a,arguana,42,high_recall,0.38685280723454163,0.43067655807339306,0.38685280723454163,0.0,Dense
test-politics-eppghwgpi-con05a,arguana,42,high_recall,0.31546487678572877,1.0,0.31546487678572877,0.0,Dense
test-politics-eppghwgpi-pro02a,arguana,42,high_recall,0.6309297535714575,0.0,0.6309297535714575,0.0,Dense
test-politics-eppghwgpi-pro03a,arguana,42,high_recall,0.0,0.0,0.0,0.0,Dense
test-politics-eppghwgpi-pro04a,arguana,42,high_recall,0.38685280723454163,0.6309297535714575,0.38685280723454163,0.0,Dense
test-politics-eppghwgpi-pro05a,arguana,42,high_recall,0.6309297535714575,0.6309297535714575,0.6309297535714575,0.0,Dense
test-politics-eppghwlrba-con03a,arguana,42,high_recall,0.3562071871080222,0.5,0.3562071871080222,0.0,Dense
test-politics-eppghwlrba-pro01a,arguana,42,high_recall,0.5,0.0,0.5,0.0,Dense
test-politics-eppghwlrba-pro03a,arguana,42,high_recall,0.43067655807339306,0.0,0.43067655807339306,0.0,Dense
test-politics-epvhbfsmsaop-con01a,arguana,42,high_recall,0.3562071871080222,0.0,0.3562071871080222,0.0,Dense
test-politics-epvhbfsmsaop-con02a,arguana,42,high_recall,0.38685280723454163,0.3562071871080222,0.38685280723454163,0.0,Dense
test-politics-epvhbfsmsaop-con03a,arguana,42,high_recall,0.6309297535714575,0.5,0.6309297535714575,0.0,Dense
test-politics-ghbgussbsbt-con01a,arguana,42,high_recall,0.6309297535714575,0.0,0.6309297535714575,0.0,Dense
test-politics-ghbgussbsbt-con02a,arguana,42,high_recall,0.43067655807339306,0.0,0.43067655807339306,0.0,Dense
test-politics-ghbgussbsbt-con03a,arguana,42,high_recall,0.6309297535714575,0.0,0.6309297535714575,0.0,Dense
test-politics-ghbgussbsbt-con04a,arguana,42,high_recall,0.6309297535714575,0.6309297535714575,0.6309297535714575,0.0,Dense
test-politics-ghbgussbsbt-pro01a,arguana,42,high_recall,0.38685280723454163,0.3010299956639812,0.3010299956639812,-0.08582281157056043,Deep Hybrid
test-politics-ghbgussbsbt-pro02a,arguana,42,high_recall,0.3562071871080222,0.2890648263178879,0.3562071871080222,0.0,Dense
test-politics-ghbgussbsbt-pro03a,arguana,42,high_recall,0.38685280723454163,1.0,0.38685280723454163,0.0,Dense
test-politics-ghbgussbsbt-pro04a,arguana,42,high_recall,0.6309297535714575,0.6309297535714575,0.6309297535714575,0.0,Dense
test-politics-glghssi-pro02a,arguana,42,high_recall,0.38685280723454163,0.38685280723454163,0.38685280723454163,0.0,Dense
test-politics-glgvhbqssc-con01a,arguana,42,high_recall,0.6309297535714575,0.3333333333333333,0.3333333333333333,-0.2975964202381242,Deep Hybrid
test-politics-glgvhbqssc-pro02a,arguana,42,high_recall,0.5,0.3010299956639812,0.3010299956639812,-0.1989700043360188,Deep Hybrid
test-politics-grcrgshwbr-con03a,arguana,42,high_recall,0.6309297535714575,0.43067655807339306,0.43067655807339306,-0.20025319549806447,Deep Hybrid
test-politics-grcrgshwbr-pro01a,arguana,42,high_recall,0.43067655807339306,0.6309297535714575,0.6309297535714575,0.20025319549806447,Deep Hybrid
test-politics-grcrgshwbr-pro02a,arguana,42,high_recall,0.43067655807339306,0.0,0.43067655807339306,0.0,Dense
test-politics-grcrgshwbr-pro03a,arguana,42,high_recall,0.43067655807339306,0.3562071871080222,0.43067655807339306,0.0,Dense
test-politics-grcrgshwbr-pro04a,arguana,42,high_recall,0.0,0.6309297535714575,0.0,0.0,Dense
test-politics-gvhbhlsbr-con01a,arguana,42,high_recall,0.38685280723454163,0.5,0.38685280723454163,0.0,Dense
test-politics-gvhbhlsbr-pro02a,arguana,42,high_recall,0.38685280723454163,0.5,0.38685280723454163,0.0,Dense
test-politics-gvhwhnerse-con03a,arguana,42,high_recall,0.6309297535714575,0.0,0.6309297535714575,0.0,Dense
test-politics-gvhwhnerse-pro02a,arguana,42,high_recall,0.38685280723454163,0.0,0.38685280723454163,0.0,Dense
test-politics-gvhwhnerse-pro03a,arguana,42,high_recall,0.3562071871080222,0.2890648263178879,0.3562071871080222,0.0,Dense
test-politics-gvhwhnerse-pro04a,arguana,42,high_recall,0.3010299956639812,0.0,0.3010299956639812,0.0,Dense
test-politics-lghwdecm-con04a,arguana,42,high_recall,0.5,0.3333333333333333,0.5,0.0,Dense
test-politics-lghwdecm-pro04a,arguana,42,high_recall,0.0,0.6309297535714575,0.0,0.0,Dense
test-politics-mtpghwaacb-con02a,arguana,42,high_recall,0.5,0.38685280723454163,0.5,0.0,Dense
test-politics-mtpghwaacb-con03a,arguana,42,high_recall,0.0,0.0,0.0,0.0,Deep Hybrid
test-politics-mtpghwaacb-pro02a,arguana,42,high_recall,0.38685280723454163,0.0,0.0,-0.38685280723454163,Deep Hybrid
test-politics-nlpdwhbusbuc-con02a,arguana,42,high_recall,0.6309297535714575,0.6309297535714575,0.6309297535714575,0.0,Dense
test-politics-nlpdwhbusbuc-con03a,arguana,42,high_recall,0.38685280723454163,0.5,0.38685280723454163,0.0,Dense
test-politics-oapdhwinkp-con01a,arguana,42,high_recall,0.5,1.0,0.5,0.0,Dense
test-politics-oapdhwinkp-con03a,arguana,42,high_recall,0.38685280723454163,0.43067655807339306,0.38685280723454163,0.0,Dense
test-politics-oapdhwinkp-pro01a,arguana,42,high_recall,0.0,0.0,0.0,0.0,Dense
test-politics-oapdhwinkp-pro02a,arguana,42,high_recall,0.0,0.5,0.0,0.0,Dense
test-politics-oapdhwinkp-pro03a,arguana,42,high_recall,0.6309297535714575,0.0,0.6309297535714575,0.0,Dense
test-politics-oepdlhfcefp-con02a,arguana,42,high_recall,0.31546487678572877,0.0,0.31546487678572877,0.0,Dense
test-politics-oepdlhfcefp-pro01a,arguana,42,high_recall,0.5,0.43067655807339306,0.43067655807339306,-0.06932344192660694,Deep Hybrid
test-politics-oepdlhfcefp-pro02a,arguana,42,high_recall,0.0,0.43067655807339306,0.0,0.0,Dense
test-politics-oepghbrnsl-con01a,arguana,42,high_recall,0.6309297535714575,0.0,0.6309297535714575,0.0,Dense
test-politics-oepghbrnsl-con02a,arguana,42,high_recall,0.6309297535714575,0.0,0.6309297535714575,0.0,Dense
test-politics-oepghbrnsl-con04a,arguana,42,high_recall,0.6309297535714575,0.6309297535714575,0.6309297535714575,0.0,Dense
test-politics-oepghbrnsl-pro01a,arguana,42,high_recall,0.6309297535714575,0.5,0.6309297535714575,0.0,Dense
test-politics-oepghbrnsl-pro03a,arguana,42,high_recall,0.5,0.43067655807339306,0.5,0.0,Dense
test-politics-oeplhbuwhmi-con02a,arguana,42,high_recall,0.43067655807339306,0.0,0.43067655807339306,0.0,Dense
test-politics-oeplhbuwhmi-con03a,arguana,42,high_recall,0.6309297535714575,0.43067655807339306,0.6309297535714575,0.0,Dense
test-politics-oeplhbuwhmi-con04a,arguana,42,high_recall,0.31546487678572877,0.38685280723454163,0.31546487678572877,0.0,Dense
test-politics-oeplhbuwhmi-pro04a,arguana,42,high_recall,0.0,0.6309297535714575,0.0,0.0,Dense
test-politics-oglilpdwhsn-con01a,arguana,42,high_recall,0.38685280723454163,0.31546487678572877,0.31546487678572877,-0.07138793044881286,Deep Hybrid
test-politics-oglilpdwhsn-con03a,arguana,42,high_recall,0.2890648263178879,0.5,0.5,0.21093517368211212,Deep Hybrid
test-politics-oglilpdwhsn-con04a,arguana,42,high_recall,0.5,0.6309297535714575,0.5,0.0,Dense
test-politics-oglilpdwhsn-pro02a,arguana,42,high_recall,0.0,0.3333333333333333,0.3333333333333333,0.3333333333333333,Deep Hybrid
test-politics-pgsimhwoia-con01a,arguana,42,high_recall,0.5,1.0,0.5,0.0,Dense
test-politics-pgsimhwoia-pro02a,arguana,42,high_recall,0.3333333333333333,0.0,0.3333333333333333,0.0,Dense
test-politics-pgsimhwoia-pro03a,arguana,42,high_recall,0.43067655807339306,0.0,0.43067655807339306,0.0,Dense
test-politics-ypppdghwid-con05a,arguana,42,high_recall,0.6309297535714575,0.3333333333333333,0.6309297535714575,0.0,Dense
test-politics-ypppdghwid-pro03a,arguana,42,high_recall,0.6309297535714575,1.0,0.6309297535714575,0.0,Dense
test-politics-ypppdghwid-pro04a,arguana,42,high_recall,0.6309297535714575,1.0,0.6309297535714575,0.0,Dense
test-politics-ypppgvhwmv-con03a,arguana,42,high_recall,0.0,0.0,0.0,0.0,Dense
test-politics-ypppgvhwmv-pro02a,arguana,42,high_recall,0.6309297535714575,0.0,0.6309297535714575,0.0,Dense
test-politics-ypppgvhwmv-pro04a,arguana,42,high_recall,0.6309297535714575,1.0,1.0,0.36907024642854247,Deep Hybrid
test-politics-ypppgvhwmv-pro05a,arguana,42,high_recall,0.6309297535714575,0.0,0.6309297535714575,0.0,Dense
test-religion-cmrsgfhbr-pro01a,arguana,42,high_recall,0.31546487678572877,0.43067655807339306,0.31546487678572877,0.0,Dense
test-religion-cmrsgfhbr-pro03a,arguana,42,high_recall,0.43067655807339306,0.5,0.43067655807339306,0.0,Dense
test-religion-frghbbgi-con01a,arguana,42,high_recall,0.6309297535714575,0.38685280723454163,0.6309297535714575,0.0,Dense
test-religion-frghbbgi-con02a,arguana,42,high_recall,0.0,0.43067655807339306,0.0,0.0,Dense
test-religion-frghbbgi-con03a,arguana,42,high_recall,0.6309297535714575,0.3010299956639812,0.3010299956639812,-0.32989975790747633,Deep Hybrid
test-religion-frghbbgi-pro01a,arguana,42,high_recall,0.6309297535714575,0.6309297535714575,0.6309297535714575,0.0,Deep Hybrid
test-religion-frghbbgi-pro02a,arguana,42,high_recall,0.5,0.5,0.5,0.0,Dense
test-religion-frghbbgi-pro03a,arguana,42,high_recall,0.2890648263178879,0.0,0.2890648263178879,0.0,Dense
test-religion-frghbbgi-pro04a,arguana,42,high_recall,0.6309297535714575,0.6309297535714575,0.6309297535714575,0.0,Dense
test-religion-frghbbgi-pro05a,arguana,42,high_recall,0.6309297535714575,0.3562071871080222,0.6309297535714575,0.0,Dense
test-religion-grcrgshwbr-con04a,arguana,42,high_recall,0.0,0.0,0.0,0.0,Deep Hybrid
test-religion-grcrgshwbr-pro04a,arguana,42,high_recall,0.0,0.5,0.0,0.0,Dense
test-religion-msgfhwbamec-con01a,arguana,42,high_recall,0.0,0.0,0.0,0.0,Dense
test-religion-wcprrgrhbmi-con02a,arguana,42,high_recall,0.0,0.6309297535714575,0.0,0.0,Dense
test-religion-yercfrggms-con01a,arguana,42,high_recall,0.6309297535714575,1.0,1.0,0.36907024642854247,Deep Hybrid
test-religion-yercfrggms-con03a,arguana,42,high_recall,0.6309297535714575,1.0,1.0,0.36907024642854247,Deep Hybrid
test-religion-yercfrggms-pro03a,arguana,42,high_recall,0.38685280723454163,0.5,0.38685280723454163,0.0,Dense
test-religion-yercfrggms-pro06a,arguana,42,high_recall,0.3562071871080222,1.0,0.3562071871080222,0.0,Dense
test-religion-yercfrggms-pro07a,arguana,42,high_recall,0.3333333333333333,0.6309297535714575,0.6309297535714575,0.2975964202381242,Deep Hybrid
test-science-ascidfakhba-con02a,arguana,42,high_recall,0.3562071871080222,0.3333333333333333,0.3562071871080222,0.0,Dense
test-science-ascidfakhba-con03a,arguana,42,high_recall,0.0,0.6309297535714575,0.6309297535714575,0.6309297535714575,Deep Hybrid
test-science-ascidfakhba-pro02a,arguana,42,high_recall,0.3333333333333333,0.0,0.3333333333333333,0.0,Dense
test-science-ascidfakhba-pro04a,arguana,42,high_recall,0.38685280723454163,0.5,0.38685280723454163,0.0,Dense
test-science-ciidfaihwc-con02a,arguana,42,high_recall,0.43067655807339306,0.0,0.43067655807339306,0.0,Dense
test-science-ciidfaihwc-con03a,arguana,42,high_recall,0.0,0.6309297535714575,0.0,0.0,Dense
test-science-cpisydfphwj-con01a,arguana,42,high_recall,0.6309297535714575,1.0,1.0,0.36907024642854247,Deep Hybrid
test-science-cpisydfphwj-con03a,arguana,42,high_recall,0.6309297535714575,0.43067655807339306,0.6309297535714575,0.0,Dense
test-science-cpisydfphwj-pro01a,arguana,42,high_recall,0.6309297535714575,0.6309297535714575,0.6309297535714575,0.0,Dense
test-science-cpisydfphwj-pro02a,arguana,42,high_recall,0.43067655807339306,0.3010299956639812,0.43067655807339306,0.0,Dense
test-science-dssghsdmd-con02a,arguana,42,high_recall,0.5,0.0,0.5,0.0,Dense
test-science-dssghsdmd-con03a,arguana,42,high_recall,0.43067655807339306,0.0,0.43067655807339306,0.0,Dense
test-science-dssghsdmd-pro01a,arguana,42,high_recall,0.38685280723454163,0.6309297535714575,0.38685280723454163,0.0,Dense
test-science-dssghsdmd-pro03a,arguana,42,high_recall,0.38685280723454163,0.0,0.0,-0.38685280723454163,Deep Hybrid
test-science-eassgbatj-con03a,arguana,42,high_recall,0.0,0.6309297535714575,0.6309297535714575,0.6309297535714575,Deep Hybrid
test-science-eassgbatj-con05a,arguana,42,high_recall,0.43067655807339306,0.5,0.5,0.06932344192660694,Deep Hybrid
test-science-eassgbatj-pro05a,arguana,42,high_recall,0.0,0.0,0.0,0.0,Deep Hybrid
test-science-nsihwbtiss-con03a,arguana,42,high_recall,0.6309297535714575,0.6309297535714575,0.6309297535714575,0.0,Dense
test-science-nsihwbtiss-con04a,arguana,42,high_recall,0.6309297535714575,0.6309297535714575,0.6309297535714575,0.0,Dense
test-science-sghwbdgmo-con01a,arguana,42,high_recall,0.6309297535714575,0.43067655807339306,0.43067655807339306,-0.20025319549806447,Deep Hybrid
test-science-sghwbdgmo-con03a,arguana,42,high_recall,0.0,0.0,0.0,0.0,Dense
test-science-sghwbdgmo-pro01a,arguana,42,high_recall,0.6309297535714575,0.3333333333333333,0.6309297535714575,0.0,Dense
test-science-wsihwclscaaw-con01a,arguana,42,high_recall,0.6309297535714575,0.5,0.5,-0.13092975357145753,Deep Hybrid
test-science-wsihwclscaaw-con02a,arguana,42,high_recall,0.6309297535714575,0.5,0.6309297535714575,0.0,Dense
test-science-wsihwclscaaw-con03a,arguana,42,high_recall,0.6309297535714575,0.6309297535714575,0.6309297535714575,0.0,Dense
test-society-asfhwapg-con01a,arguana,42,high_recall,0.43067655807339306,0.3333333333333333,0.43067655807339306,0.0,Dense
test-society-asfhwapg-pro01a,arguana,42,high_recall,0.6309297535714575,0.43067655807339306,0.43067655807339306,-0.20025319549806447,Deep Hybrid
test-society-cpisydfphwj-pro01a,arguana,42,high_recall,0.5,0.5,0.5,0.0,Dense
test-society-cpisydfphwj-pro02a,arguana,42,high_recall,0.38685280723454163,0.31546487678572877,0.38685280723454163,0.0,Dense
test-society-epiasghbf-con04a,arguana,42,high_recall,0.0,0.0,0.0,0.0,Dense
test-society-epiasghbf-pro01a,arguana,42,high_recall,0.5,0.3562071871080222,0.5,0.0,Dense
test-society-epiasghbf-pro02a,arguana,42,high_recall,0.5,0.0,0.5,0.0,Dense
test-society-epiasghbf-pro03a,arguana,42,high_recall,0.3010299956639812,0.0,0.3010299956639812,0.0,Dense
test-society-epsihbdns-con01a,arguana,42,high_recall,0.5,0.38685280723454163,0.5,0.0,Dense
test-society-epsihbdns-con04a,arguana,42,high_recall,0.0,0.0,0.0,0.0,Dense
test-society-epsihbdns-pro01a,arguana,42,high_recall,0.5,1.0,0.5,0.0,Dense
test-society-epsihbdns-pro02a,arguana,42,high_recall,0.31546487678572877,0.0,0.31546487678572877,0.0,Dense
test-society-ghbgqeaaems-con03a,arguana,42,high_recall,0.43067655807339306,0.0,0.0,-0.43067655807339306,Deep Hybrid
test-society-ghbgqeaaems-pro02a,arguana,42,high_recall,0.43067655807339306,0.0,0.0,-0.43067655807339306,Deep Hybrid
test-society-ghbgqeaaems-pro03a,arguana,42,high_recall,0.3333333333333333,0.31546487678572877,0.3333333333333333,0.0,Dense
test-society-ghbgqeaaems-pro04a,arguana,42,high_recall,0.6309297535714575,0.0,0.0,-0.6309297535714575,Deep Hybrid
test-society-mmcpsgfhbf-con03a,arguana,42,high_recall,0.6309297535714575,0.0,0.6309297535714575,0.0,Dense
test-society-mmcpsgfhbf-pro01a,arguana,42,high_recall,0.0,0.0,0.0,0.0,Dense
test-society-simhbrasnba-con03a,arguana,42,high_recall,0.0,0.0,0.0,0.0,Dense
test-society-simhbrasnba-pro03a,arguana,42,high_recall,0.3562071871080222,0.0,0.3562071871080222,0.0,Dense
test-society-tlhrilsfhwr-con01a,arguana,42,high_recall,0.5,0.38685280723454163,0.5,0.0,Dense
test-society-tlhrilsfhwr-con03a,arguana,42,high_recall,0.0,0.0,0.0,0.0,Dense
test-society-tlhrilsfhwr-pro01a,arguana,42,high_recall,0.0,0.5,0.0,0.0,Dense
test-society-tlhrilsfhwr-pro04a,arguana,42,high_recall,0.38685280723454163,0.0,0.38685280723454163,0.0,Dense
test-society-tsmihwurpp-con01a,arguana,42,high_recall,0.43067655807339306,0.0,0.43067655807339306,0.0,Dense
test-society-tsmihwurpp-pro02a,arguana,42,high_recall,0.0,0.0,0.0,0.0,Dense
test-society-tsmihwurpp-pro03a,arguana,42,high_recall,0.38685280723454163,0.0,0.38685280723454163,0.0,Dense
test-sport-aastshsrqsar-con02a,arguana,42,high_recall,0.5,0.6309297535714575,0.5,0.0,Dense
test-sport-aastshsrqsar-con04a,arguana,42,high_recall,0.0,0.0,0.0,0.0,Deep Hybrid
test-sport-aastshsrqsar-pro01a,arguana,42,high_recall,0.5,1.0,1.0,0.5,Deep Hybrid
test-sport-otshwbe2uuyt-con03a,arguana,42,high_recall,0.5,1.0,1.0,0.5,Deep Hybrid
test-sport-otshwbe2uuyt-con04a,arguana,42,high_recall,0.43067655807339306,0.5,0.5,0.06932344192660694,Deep Hybrid
test-sport-otshwbe2uuyt-pro02a,arguana,42,high_recall,0.5,1.0,0.5,0.0,Dense
test-sport-otshwbe2uuyt-pro03a,arguana,42,high_recall,0.6309297535714575,0.6309297535714575,0.6309297535714575,0.0,Dense
test-sport-tshbmlbscac-con04a,arguana,42,high_recall,0.3562071871080222,0.6309297535714575,0.6309297535714575,0.27472256646343535,Deep Hybrid
test-sport-tshbmlbscac-pro02a,arguana,42,high_recall,0.5,1.0,1.0,0.5,Deep Hybrid
test-sport-tshbmlbscac-pro03a,arguana,42,high_recall,0.5,0.5,0.5,0.0,Deep Hybrid
test-sport-ybfgsohbhog-con03a,arguana,42,high_recall,0.0,0.0,0.0,0.0,Dense
test-sport-ybfgsohbhog-pro02a,arguana,42,high_recall,0.6309297535714575,0.6309297535714575,0.6309297535714575,0.0,Dense
test-sport-ybfgsohbhog-pro04a,arguana,42,high_recall,0.5,0.6309297535714575,0.6309297535714575,0.13092975357145753,Deep Hybrid
